sample,baseline_score,gabor_score,adaptive_score,adaptive_time_ms
S001,0.520,0.730,0.810,24.0
S002,0.530,0.745,0.822,24.4
S003,0.540,0.760,0.834,24.8
S004,0.550,0.775,0.846,25.2
S005,0.560,0.790,0.858,25.6
S006,0.570,0.730,0.870,26.0
S007,0.580,0.745,0.810,26.4
S008,0.520,0.760,0.822,26.8
S009,0.530,0.775,0.834,27.2
S010,0.540,0.790,0.846,27.6
S011,0.550,0.730,0.858,24.0
S012,0.560,0.745,0.870,24.4
S013,0.570,0.760,0.810,24.8
S014,0.580,0.775,0.822,25.2
S015,0.520,0.790,0.834,25.6
S016,0.530,0.730,0.846,26.0
S017,0.540,0.745,0.858,26.4
S018,0.550,0.760,0.870,26.8
S019,0.560,0.775,0.810,27.2
S020,0.570,0.790,0.822,27.6
S021,0.580,0.730,0.834,24.0
S022,0.520,0.745,0.846,24.4
S023,0.530,0.760,0.858,24.8
S024,0.540,0.775,0.870,25.2
S025,0.550,0.790,0.810,25.6
S026,0.560,0.730,0.822,26.0
S027,0.570,0.745,0.834,26.4
S028,0.580,0.760,0.846,26.8
S029,0.520,0.775,0.858,27.2
S030,0.530,0.790,0.870,27.6
S031,0.540,0.730,0.810,24.0
S032,0.550,0.745,0.822,24.4
S033,0.560,0.760,0.834,24.8
S034,0.570,0.775,0.846,25.2
S035,0.580,0.790,0.858,25.6
S036,0.520,0.730,0.870,26.0
S037,0.530,0.745,0.810,26.4
S038,0.540,0.760,0.822,26.8
S039,0.550,0.775,0.834,27.2
S040,0.560,0.790,0.846,27.6
S041,0.570,0.730,0.858,24.0
S042,0.580,0.745,0.870,24.4
S043,0.520,0.760,0.810,24.8
S044,0.530,0.775,0.822,25.2
S045,0.540,0.790,0.834,25.6
